<?xml version="1.0" encoding="UTF-8"?>
<beans xmlns="http://www.springframework.org/schema/beans" xmlns:xsi="http://www.w3.org/2001/XMLSchema-instance" xmlns:jee="http://www.springframework.org/schema/jee" xmlns:tx="http://www.springframework.org/schema/tx" xmlns:aop="http://www.springframework.org/schema/aop" xmlns:context="http://www.springframework.org/schema/context"
	xsi:schemaLocation="http://www.springframework.org/schema/beans http://www.springframework.org/schema/beans/spring-beans-3.0.xsd http://www.springframework.org/schema/tx http://www.springframework.org/schema/tx/spring-tx-3.0.xsd http://www.springframework.org/schema/jee http://www.springframework.org/schema/jee/spring-jee-3.0.xsd http://www.springframework.org/schema/context http://www.springframework.org/schema/context/spring-context-3.0.xsd http://www.springframework.org/schema/aop http://www.springframework.org/schema/aop/spring-aop-3.0.xsd">

	<description>系统服务及相关接口</description>

	<!-- 启用Annotation -->
	<context:component-scan base-package="com.tenfen" />

	<!-- 定义受环境影响易变的变量 -->
	<bean class="org.springframework.beans.factory.config.PropertyPlaceholderConfigurer">
		<property name="systemPropertiesModeName" value="SYSTEM_PROPERTIES_MODE_OVERRIDE" />
		<property name="ignoreResourceNotFound" value="true" />
		<property name="locations">
			<list>
				<!-- 标准配置 -->
				<value>classpath*:/config/jdbc.properties</value>
				<value>classpath*:/config/system.properties</value>
			</list>
		</property>
	</bean>

	<!-- sqlite数据源配置,使用应用内的DBCP数据库连接池 -->
	<!--  
	<bean id="sqliteDataSource" class="org.apache.commons.dbcp.BasicDataSource" destroy-method="close" lazy-init="true">
		<property name="driverClassName" value="org.sqlite.JDBC" />
		<property name="url" value="jdbc:sqlite:${sqlitePath}" />
		<property name="initialSize" value="10" />
		<property name="maxActive" value="20" />
		<property name="maxIdle" value="10" />
		<property name="maxWait" value="3000" />
		<property name="poolPreparedStatements" value="true" />
		<property name="defaultAutoCommit" value="true" />
		<property name="validationQuery" value="Select 1" />
		<property name="testOnBorrow" value="true" />
		<property name="testWhileIdle" value="true" />
		<property name="removeAbandoned" value="true" />
		<property name="removeAbandonedTimeout" value="180" />
	</bean>
	-->

	<!-- 数据源配置,使用应用内的DBCP数据库连接池 -->
	<bean id="dataSource" class="org.apache.commons.dbcp.BasicDataSource" destroy-method="close">
		<property name="driverClassName" value="${jdbc.mysql.driver}" />
		<property name="url" value="${jdbc.mysql.url}" />
		<property name="username" value="${jdbc.mysql.username}" />
		<property name="password" value="${jdbc.mysql.password}" />
		
		<property name="initialSize" value="${dbcp.initialSize}" />
		<property name="maxActive" value="${dbcp.maxActive}" />
		<property name="maxIdle" value="${dbcp.maxIdle}" />
		<property name="maxWait" value="3000" />
		<property name="defaultAutoCommit" value="true" />
		<property name="validationQuery" value="Select 1" />
		<property name="testOnBorrow" value="true" />
		<property name="testWhileIdle" value="true" />
		<property name="removeAbandoned" value="true" />
		<property name="removeAbandonedTimeout" value="180" />
	</bean>

	<!--  jndi oracle-datasource -->
	<!--  
	<bean id="dataSource" class="org.springframework.jndi.JndiObjectFactoryBean">
		<property name="jndiName" value="java:MySqlDS" />
	</bean>
	-->

	<!-- Hibernate配置 -->
	<bean id="sessionFactory" class="org.springframework.orm.hibernate3.annotation.AnnotationSessionFactoryBean">
		<property name="dataSource" ref="dataSource" />
		<property name="namingStrategy">
			<bean class="org.hibernate.cfg.ImprovedNamingStrategy" />
		</property>
		<property name="hibernateProperties">
			<props>
				<prop key="hibernate.dialect">${hibernate.dialect}</prop>
				<prop key="hibernate.show_sql">${hibernate.show_sql}</prop>
				<prop key="hibernate.format_sql">${hibernate.format_sql}</prop>
				<prop key="hibernate.use_sql_comments">${hibernate.use_sql_comments}</prop>
				<prop key="hibernate.cache.provider_class">org.hibernate.cache.EhCacheProvider</prop>
				<prop key="hibernate.cache.provider_configuration_file_resource_path">ehcache/ehcache-hibernate-local.xml</prop>
				<prop key="hibernate.autoReconnect">true</prop>
			</props>
		</property>
		<property name="packagesToScan" value="com.tenfen.entity.*" />
	</bean>

	<!-- 事务管理器配置,单数据源事务 -->
	<bean id="transactionManager" class="org.springframework.orm.hibernate3.HibernateTransactionManager">
		<property name="sessionFactory" ref="sessionFactory" />
	</bean>

	<bean id="transactionInterceptor" class="org.springframework.transaction.interceptor.TransactionInterceptor">
		<property name="transactionManager" ref="transactionManager" />
		<!-- 配置事务属性 -->
		<property name="transactionAttributes">
			<props>
				<prop key="save*">PROPAGATION_REQUIRED</prop>
				<prop key="delete*">PROPAGATION_REQUIRED</prop>
				<prop key="update*">PROPAGATION_REQUIRED</prop>
				<prop key="batchExecute*">PROPAGATION_REQUIRED</prop>
				<prop key="*">PROPAGATION_REQUIRED,readOnly</prop>
			</props>
		</property>
	</bean>
	<bean class="org.springframework.aop.framework.autoproxy.BeanNameAutoProxyCreator">
		<property name="beanNames">
			<list>
				<value>*Dao</value>
			</list>
		</property>
		<property name="interceptorNames">
			<list>
				<value>transactionInterceptor</value>
			</list>
		</property>
	</bean>
	<!-- 使用annotation定义事务 -->
	<tx:annotation-driven transaction-manager="transactionManager" proxy-target-class="true" />
	
	<bean id="systemProperty" class="com.tenfen.bean.system.SystemProperty">
		<property name="clientVisitLogDir" value="${client.visitlog.dir}" />
		<property name="tySpaceDataLocalDir" value="${tySpace.data.localdir}" />
		<property name="tySpaceDataIp" value="${tySpace.data.ip}" />
		<property name="tySpaceDataPort" value="${tySpace.data.port}" />
		<property name="tySpaceDataUserName" value="${tySpace.data.username}" />
		<property name="tySpaceDataPassword" value="${tySpace.data.password}" />
		<property name="tySpaceDataRemoteDir" value="${tySpace.data.remoteDir}" />
		<property name="tySpacePackageDataLocalDir" value="${tySpace.data.byblocaldir}" />
		<property name="tySpacePackageDataRemoteDir" value="${tySpace.data.bybremoteDir}" />
		<property name="unicomDataZxLocalDir" value="${unicom.data.zxlocaldir}" />
		<property name="unicomDataZxRemoteDir" value="${unicom.data.zxremotedir}" />
		<property name="isSaveToMongo" value="${platform.isSaveToMongo}" />
		<property name="isSaveToBeijing" value="${platform.isSaveToBeijing}" />
	</bean>
	
	<!-- hbase集群初始化  -->
	<!--  
	<bean id="hbaseHelper" class="com.tenfen.www.util.HbaseHelper" init-method="init">
		<property name="hbaseMaster" value="${hbase.master}" />
		<property name="hbaseZookeeperQuorum" value="${hbase.zookeeper.quorum}" />
		<property name="hbaseZookeeperPropertyClientPort" value="${hbase.zookeeper.property.clientPort}" />
	</bean>
	-->
</beans>