<?xml version="1.0" encoding="UTF-8"?>
<!DOCTYPE struts PUBLIC "-//Apache Software Foundation//DTD Struts Configuration 2.1//EN"
        "http://struts.apache.org/dtds/struts-2.1.dtd">
<struts>
    <!-- 欣网空间计费回调(未启用)  
	<package name="internal" namespace="/internal" extends="default">
		<action name="tySpace_*" method="{1}" class="com.tenfen.www.action.internal.SmsOrderAction"></action>
    </package>
    -->
    
	<!-- sms相关 -->
	<package name="sms" namespace="/sms" extends="default">
		<!-- sms永擎飞羽浩之短信网关交互请求 -->
		<action name="smsOrder_*" method="{1}" class="com.tenfen.www.action.internal.SmsOrderAction"></action>
		
		<!-- sms集团短信网关交互请求 -->
		<action name="sms_*" method="{1}" class="com.tenfen.www.action.internal.SmsAction"></action>
		
		<!-- sms电信全网短信订购接口（渠道方） -->
		<action name="smsPay_*" method="{1}" class="com.tenfen.www.action.external.sms.SmsPayAction"></action>
		
		<!-- 爱音乐能力开放 -->
		<action name="iMusicOpen_*" method="{1}" class="com.tenfen.www.action.external.sms.SmsIMusicAction"></action>
		
		<!-- 联通在信炫舞 -->
		<action name="unicomzx_*" method="{1}" class="com.tenfen.www.action.external.sms.unicomzx.UnicomZxAction"></action>
		<!-- 联通在信亚娱 -->
		<action name="unicomyyzx_*" method="{1}" class="com.tenfen.www.action.external.sms.unicomzx.UnicomYyZxAction"></action>
		
		<!-- 联通全网短信 -->
		<action name="unicomSms_*" method="{1}" class="com.tenfen.www.action.external.sms.unicomsms.UnicomSmsAction"></action>
		
		<!-- 联通宽带 -->
		<action name="unicomBroadBand_*" method="{1}" class="com.tenfen.www.action.external.sms.unicombroadband.UnicomBroadBandAction"></action>
	</package>

</struts>
